"behavior","flight_id","source_flight_object","radar_object","drone_object","radar_file","drone_file","radar_location_file","radar_site","radar_type","offset_GPS","configured_start_time","configured_end_time","drone_indices","detection_rate_include","positional_discrepancy_include","exclusion_notes"
"Foraging","Foraging_01","flight1","radar_0106_1246","drone_0106_1246","data/Dangermond 2026/9090RADAR_cleanedAndMatched_foraging/0106_1246_Foraging_Final.csv","data/Dangermond 2026/Air2/Foraging/Jan-6th-2026-12-46PM-Flight-Airdata.csv","data/Dangermond 2026/Dangermond_RadarLocation_school_2026_01_05_v2.txt","School 2026",9090,-1,"2026-01-06T20:46:53Z","2026-01-06T21:03:00Z","233:9900",TRUE,TRUE,
"Foraging","Foraging_02","flight2","radar_0106_0107","drone_0106_0107","data/Dangermond 2026/9090RADAR_cleanedAndMatched_foraging/0106_0107_Foraging_Final.csv","data/Dangermond 2026/Air2/Foraging/Jan-6th-2026-01-07PM-Flight-Airdata.csv","data/Dangermond 2026/Dangermond_RadarLocation_school_2026_01_05_v2.txt","School 2026",9090,-1,"2026-01-06T21:07:50Z","2026-01-06T21:21:50Z","213:8610",TRUE,TRUE,
"Foraging","Foraging_03","flight3","radar_0106_0124","drone_0106_0124","data/Dangermond 2026/9090RADAR_cleanedAndMatched_foraging/0106_0124_Foraging_Final.csv","data/Dangermond 2026/Air2/Foraging/Jan-6th-2026-01-24PM-Flight-Airdata.csv","data/Dangermond 2026/Dangermond_RadarLocation_school_2026_01_05_v2.txt","School 2026",9090,-1,"2026-01-06T21:25:04Z","2026-01-06T21:38:53Z","138:8430",TRUE,TRUE,
"Foraging","Foraging_04","flight4","radar_0106_0142","drone_0106_0142","data/Dangermond 2026/9090RADAR_cleanedAndMatched_foraging/0106_0142_Foraging_Final_noOmittedPoints.csv","data/Dangermond 2026/Air2/Foraging/Jan-6th-2026-01-42PM-Flight-Airdata.csv","data/Dangermond 2026/Dangermond_RadarLocation_school_2026_01_05_v2.txt","School 2026",9090,-1,"2026-01-06T21:42:36Z","2026-01-06T21:54:28Z","150:7266",TRUE,TRUE,
"Foraging","Foraging_05","flight5","radar_0106_0157","drone_0106_0157","data/Dangermond 2026/9090RADAR_cleanedAndMatched_foraging/0106_0157_Foraging_Final.csv","data/Dangermond 2026/Air2/Foraging/Jan-6th-2026-01-57PM-Flight-Airdata.csv","data/Dangermond 2026/Dangermond_RadarLocation_school_2026_01_05_v2.txt","School 2026",9090,-1,"2026-01-06T21:57:51Z","2026-01-06T22:15:37Z","155:10816",TRUE,TRUE,
"Foraging","Foraging_06","flight6","radar_0106_0220","drone_0106_0220","data/Dangermond 2026/9090RADAR_cleanedAndMatched_foraging/0106_0220_Foraging_Final.csv","data/Dangermond 2026/Air2/Foraging/Jan-6th-2026-02-20PM-Flight-Airdata.csv","data/Dangermond 2026/Dangermond_RadarLocation_school_2026_01_05_v2.txt","School 2026",9090,-1,"2026-01-06T22:20:30Z","2026-01-06T22:30:26Z","133:6094",TRUE,TRUE,
"DynoSoaring","DynoSoaring_01","flight1","radar_0106_0235","drone_0106_0235","data/Dangermond 2026/9090RADAR_cleanedAndMatched_dynosoar/0106_0235_DynamicSoaring_Final.csv","data/Dangermond 2026/Air3/Dynamic Soaring/Jan-6th-2026-02-35PM-Flight-Airdata.csv","data/Dangermond 2026/Dangermond_RadarLocation_school_2026_01_05_v2.txt","School 2026",9090,-1,"2026-01-06T22:36:46Z","2026-01-06T22:42:54Z","548:4228",TRUE,TRUE,
"DynoSoaring","DynoSoaring_02","flight2","radar_0106_0245","drone_0106_0245","data/Dangermond 2026/9090RADAR_cleanedAndMatched_dynosoar/0106_0245_DynamicSoaring_Final.csv","data/Dangermond 2026/Air3/Dynamic Soaring/Jan-6th-2026-02-45PM-Flight-Airdata.csv","data/Dangermond 2026/Dangermond_RadarLocation_school_2026_01_05_v2.txt","School 2026",9090,-1,"2026-01-06T22:46:37Z","2026-01-06T22:52:38Z","662:4269",TRUE,TRUE,
"DynoSoaring","DynoSoaring_03","flight3","radar_0106_0255","drone_0106_0255","data/Dangermond 2026/9090RADAR_cleanedAndMatched_dynosoar/0106_0255_DynamicSoaring_Final.csv","data/Dangermond 2026/Air3/Dynamic Soaring/Jan-6th-2026-02-55PM-Flight-Airdata.csv","data/Dangermond 2026/Dangermond_RadarLocation_school_2026_01_05_v2.txt","School 2026",9090,-1,"2026-01-06T22:56:28Z","2026-01-06T23:02:10Z","575:3995",TRUE,TRUE,
"DynoSoaring","DynoSoaring_04","flight4","radar_0106_0304","drone_0106_0304","data/Dangermond 2026/9090RADAR_cleanedAndMatched_dynosoar/0106_0304_DynamicSoaring_Final.csv","data/Dangermond 2026/Air3/Dynamic Soaring/Jan-6th-2026-03-04PM-Flight-Airdata.csv","data/Dangermond 2026/Dangermond_RadarLocation_school_2026_01_05_v2.txt","School 2026",9090,-1,"2026-01-06T23:04:54Z","2026-01-06T23:10:46Z","523:4034",TRUE,TRUE,
"DynoSoaring","DynoSoaring_05","flight5","radar_0106_0313","drone_0106_0313","data/Dangermond 2026/9090RADAR_cleanedAndMatched_dynosoar/0106_0313_DynamicSoaring_Final.csv","data/Dangermond 2026/Air3/Dynamic Soaring/Jan-6th-2026-03-13PM-Flight-Airdata.csv","data/Dangermond 2026/Dangermond_RadarLocation_school_2026_01_05_v2.txt","School 2026",9090,-1,"2026-01-06T23:14:47Z","2026-01-06T23:20:35Z","587:4065",TRUE,TRUE,
"DynoSoaring","DynoSoaring_06","flight6","radar_0106_0322","drone_0106_0322","data/Dangermond 2026/9090RADAR_cleanedAndMatched_dynosoar/0106_0322_DynamicSoaring_Final.csv","data/Dangermond 2026/Air3/Dynamic Soaring/Jan-6th-2026-03-22PM-Flight-Airdata.csv","data/Dangermond 2026/Dangermond_RadarLocation_school_2026_01_05_v2.txt","School 2026",9090,-1,"2026-01-06T23:23:27Z","2026-01-06T23:29:17Z","133:4580",TRUE,TRUE,
"DynoSoaring","DynoSoaring_08","flight8","radar_0106_0340","drone_0106_0340","data/Dangermond 2026/9090RADAR_cleanedAndMatched_dynosoar/0106_0340_DynamicSoaring_Final.csv","data/Dangermond 2026/Air3/Dynamic Soaring/Jan-6th-2026-03-40PM-Flight-Airdata.csv","data/Dangermond 2026/Dangermond_RadarLocation_school_2026_01_05_v2.txt","School 2026",9090,-1,"2026-01-06T23:41:56Z","2026-01-06T23:47:23Z","626:3894",TRUE,TRUE,
"DynoSoaring","DynoSoaring_09","flight9","radar_0106_0350","drone_0106_0350","data/Dangermond 2026/9090RADAR_cleanedAndMatched_dynosoar/0106_0350_DynamicSoaring_Final.csv","data/Dangermond 2026/Air3/Dynamic Soaring/Jan-6th-2026-03-50PM-Flight-Airdata.csv","data/Dangermond 2026/Dangermond_RadarLocation_school_2026_01_05_v2.txt","School 2026",9090,-1,"2026-01-06T23:51:01Z","2026-01-06T23:59:24Z","572:5598",TRUE,TRUE,
"DynoSoaring","DynoSoaring_10","flight10","radar_0106_0402","drone_0106_0402","data/Dangermond 2026/9090RADAR_cleanedAndMatched_dynosoar/0106_0402_DynamicSoaring_Final.csv","data/Dangermond 2026/Air3/Dynamic Soaring/Jan-6th-2026-04-02PM-Flight-Airdata.csv","data/Dangermond 2026/Dangermond_RadarLocation_school_2026_01_05_v2.txt","School 2026",9090,-1,"2026-01-07T00:03:07Z","2026-01-07T00:11:24Z","651:5613",TRUE,TRUE,
"DynoSoaring","DynoSoaring_11","flight11","radar_0106_0414","drone_0106_0414","data/Dangermond 2026/9090RADAR_cleanedAndMatched_dynosoar/0106_0414_DynamicSoaring_Final.csv","data/Dangermond 2026/Air3/Dynamic Soaring/Jan-6th-2026-04-14PM-Flight-Airdata.csv","data/Dangermond 2026/Dangermond_RadarLocation_school_2026_01_05_v2.txt","School 2026",9090,-1,"2026-01-07T00:15:22Z","2026-01-07T00:20:40Z","608:3787",TRUE,TRUE,
"DynoSoaring","DynoSoaring_12","flight12","radar_0106_0425","drone_0106_0425","data/Dangermond 2026/9090RADAR_cleanedAndMatched_dynosoar/0106_0425_DynamicSoaring_Final.csv","data/Dangermond 2026/Air3/Dynamic Soaring/Jan-6th-2026-04-25PM-Flight-Airdata.csv","data/Dangermond 2026/Dangermond_RadarLocation_school_2026_01_05_v2.txt","School 2026",9090,-1,"2026-01-07T00:26:42Z","2026-01-07T00:32:00Z","605:3781",TRUE,TRUE,
"DynoSoaring","DynoSoaring_13","flight13","radar_0106_0434","drone_0106_0434","data/Dangermond 2026/9090RADAR_cleanedAndMatched_dynosoar/0106_0434_DynamicSoaring_Final.csv","data/Dangermond 2026/Air3/Dynamic Soaring/Jan-6th-2026-04-34PM-Flight-Airdata.csv","data/Dangermond 2026/Dangermond_RadarLocation_school_2026_01_05_v2.txt","School 2026",9090,-1,"2026-01-07T00:35:59Z","2026-01-07T00:41:33Z","607:3944",TRUE,TRUE,
"DynoSoaring","DynoSoaring_14","flight14","radar_0106_0444","drone_0106_0444","data/Dangermond 2026/9090RADAR_cleanedAndMatched_dynosoar/0106_0444_DynamicSoaring_Final.csv","data/Dangermond 2026/Air3/Dynamic Soaring/Jan-6th-2026-04-44PM-Flight-Airdata.csv","data/Dangermond 2026/Dangermond_RadarLocation_school_2026_01_05_v2.txt","School 2026",9090,-1,"2026-01-07T00:45:30Z","2026-01-07T00:50:34Z","609:3648",TRUE,TRUE,
"DynoSoaring","DynoSoaring_15","flight15","radar_0106_0456","drone_0106_0456","data/Dangermond 2026/9090RADAR_cleanedAndMatched_dynosoar/0106_0456_DynamicSoaring_Final.csv","data/Dangermond 2026/Air3/Dynamic Soaring/Jan-6th-2026-04-56PM-Flight-Airdata.csv","data/Dangermond 2026/Dangermond_RadarLocation_school_2026_01_05_v2.txt","School 2026",9090,-1,"2026-01-07T00:57:40Z","2026-01-07T01:02:50Z","617:3716",TRUE,TRUE,
"DynoSoaring","DynoSoaring_16","flight16","radar_0107_0825","drone_0107_0825","data/Dangermond 2026/9090RADAR_cleanedAndMatched_dynosoar/0107_0825_DynamicSoaring_Final.csv","data/Dangermond 2026/Air3/Dynamic Soaring/Jan-7th-2026-08-25AM-Flight-Airdata.csv","data/Dangermond 2026/Dangermond_RadarLocation_school_2026_01_05_v2.txt","School 2026",9090,-1,"2026-01-07T16:26:38Z","2026-01-07T16:29:31Z","872:2598",TRUE,TRUE,
"DynoSoaring","DynoSoaring_17","flight17","radar_0107_0832","drone_0107_0832","data/Dangermond 2026/9090RADAR_cleanedAndMatched_dynosoar/0107_0832_DynamicSoaring_Final.csv","data/Dangermond 2026/Air3/Dynamic Soaring/Jan-7th-2026-08-32AM-Flight-Airdata.csv","data/Dangermond 2026/Dangermond_RadarLocation_school_2026_01_05_v2.txt","School 2026",9090,-1,"2026-01-07T16:33:49Z","2026-01-07T16:36:43Z","734:2534",TRUE,TRUE,
"DynoSoaring","DynoSoaring_18","flight18","radar_0107_0840","drone_0107_0840","data/Dangermond 2026/9090RADAR_cleanedAndMatched_dynosoar/0107_0840_DynamicSoaring_Final.csv","data/Dangermond 2026/Air3/Dynamic Soaring/Jan-7th-2026-08-40AM-Flight-Airdata.csv","data/Dangermond 2026/Dangermond_RadarLocation_school_2026_01_05_v2.txt","School 2026",9090,-1,"2026-01-07T16:41:15Z","2026-01-07T16:46:05Z","723:3620",TRUE,TRUE,
"DynoSoaring","DynoSoaring_19","flight19","radar_0107_0852","drone_0107_0852","data/Dangermond 2026/9090RADAR_cleanedAndMatched_dynosoar/0107_0852_DynamicSoaring_Final.csv","data/Dangermond 2026/Air3/Dynamic Soaring/Jan-7th-2026-08-52AM-Flight-Airdata.csv","data/Dangermond 2026/Dangermond_RadarLocation_school_2026_01_05_v2.txt","School 2026",9090,-1,"2026-01-07T16:53:42Z","2026-01-07T16:58:32Z","811:3702",TRUE,TRUE,
"DynoSoaring","DynoSoaring_20","flight20","radar_0107_0902","drone_0107_0902","data/Dangermond 2026/9090RADAR_cleanedAndMatched_dynosoar/0107_0902_DynamicSoaring_Final.csv","data/Dangermond 2026/Air3/Dynamic Soaring/Jan-7th-2026-09-02AM-Flight-Airdata.csv","data/Dangermond 2026/Dangermond_RadarLocation_school_2026_01_05_v2.txt","School 2026",9090,-1,"2026-01-07T17:03:45Z","2026-01-07T17:08:35Z","848:3740",TRUE,TRUE,
"DynoSoaring","DynoSoaring_21","flight21","radar_0107_0911","drone_0107_0911","data/Dangermond 2026/9090RADAR_cleanedAndMatched_dynosoar/0107_0911_DynamicSoaring_Final.csv","data/Dangermond 2026/Air3/Dynamic Soaring/Jan-7th-2026-09-11AM-Flight-Airdata.csv","data/Dangermond 2026/Dangermond_RadarLocation_school_2026_01_05_v2.txt","School 2026",9090,-1,"2026-01-07T17:12:44Z","2026-01-07T17:17:33Z","716:3604",TRUE,TRUE,
"DynoSoaring","DynoSoaring_22","flight22","radar_0107_0921","drone_0107_0921","data/Dangermond 2026/9090RADAR_cleanedAndMatched_dynosoar/0107_0921_DynamicSoaring_Final.csv","data/Dangermond 2026/Air3/Dynamic Soaring/Jan-7th-2026-09-21AM-Flight-Airdata.csv","data/Dangermond 2026/Dangermond_RadarLocation_school_2026_01_05_v2.txt","School 2026",9090,-1,"2026-01-07T17:22:15Z","2026-01-07T17:25:39Z","732:2771",TRUE,TRUE,
"DynoSoaring","DynoSoaring_23","flight23","radar_0107_0929","drone_0107_0929","data/Dangermond 2026/9090RADAR_cleanedAndMatched_dynosoar/0107_0929_DynamicSoaring_Final.csv","data/Dangermond 2026/Air3/Dynamic Soaring/Jan-7th-2026-09-29AM-Flight-Airdata.csv","data/Dangermond 2026/Dangermond_RadarLocation_school_2026_01_05_v2.txt","School 2026",9090,-1,"2026-01-07T17:30:31Z","2026-01-07T17:33:50Z","818:2804",TRUE,TRUE,
"DynoSoaring","DynoSoaring_24","flight24","radar_0107_0937","drone_0107_0937","data/Dangermond 2026/9090RADAR_cleanedAndMatched_dynosoar/0107_0937_DynamicSoaring_Final.csv","data/Dangermond 2026/Air3/Dynamic Soaring/Jan-7th-2026-09-37AM-Flight-Airdata.csv","data/Dangermond 2026/Dangermond_RadarLocation_school_2026_01_05_v2.txt","School 2026",9090,-1,"2026-01-07T17:39:13Z","2026-01-07T17:42:37Z","855:2893",TRUE,TRUE,
"DynoSoaring","DynoSoaring_25","flight25","radar_0107_0946","drone_0107_0946","data/Dangermond 2026/9090RADAR_cleanedAndMatched_dynosoar/0107_0946_DynamicSoaring_Final.csv","data/Dangermond 2026/Air3/Dynamic Soaring/Jan-7th-2026-09-46AM-Flight-Airdata.csv","data/Dangermond 2026/Dangermond_RadarLocation_school_2026_01_05_v2.txt","School 2026",9090,-1,"2026-01-07T17:47:39Z","2026-01-07T17:51:03Z","735:2775",TRUE,TRUE,
"DynoSoaring","DynoSoaring_26","flight26","radar_0107_0955","drone_0107_0955","data/Dangermond 2026/9090RADAR_cleanedAndMatched_dynosoar/0107_0955_DynamicSoaring_Final.csv","data/Dangermond 2026/Air3/Dynamic Soaring/Jan-7th-2026-09-55AM-Flight-Airdata.csv","data/Dangermond 2026/Dangermond_RadarLocation_school_2026_01_05_v2.txt","School 2026",9090,-1,"2026-01-07T17:56:22Z","2026-01-07T18:02:25Z","759:4386",TRUE,TRUE,
"DynoSoaring","DynoSoaring_27","flight27","radar_0107_1007","drone_0107_1007","data/Dangermond 2026/9090RADAR_cleanedAndMatched_dynosoar/0107_1007_DynamicSoaring_Final.csv","data/Dangermond 2026/Air3/Dynamic Soaring/Jan-7th-2026-10-07AM-Flight-Airdata.csv","data/Dangermond 2026/Dangermond_RadarLocation_school_2026_01_05_v2.txt","School 2026",9090,-1,"2026-01-07T18:08:54Z","2026-01-07T18:14:25Z","770:4072",TRUE,TRUE,
"DynoSoaring","DynoSoaring_28","flight28","radar_0107_1017","drone_0107_1017","data/Dangermond 2026/9090RADAR_cleanedAndMatched_dynosoar/0107_1017_DynamicSoaring_Final.csv","data/Dangermond 2026/Air3/Dynamic Soaring/Jan-7th-2026-10-17AM-Flight-Airdata.csv","data/Dangermond 2026/Dangermond_RadarLocation_school_2026_01_05_v2.txt","School 2026",9090,-1,"2026-01-07T18:19:20Z","2026-01-07T18:24:52Z","855:4172",TRUE,TRUE,
"DynoSoaring","DynoSoaring_29","flight29","radar_0107_1028","drone_0107_1028","data/Dangermond 2026/9090RADAR_cleanedAndMatched_dynosoar/0107_1028_DynamicSoaring_Final.csv","data/Dangermond 2026/Air3/Dynamic Soaring/Jan-7th-2026-10-28AM-Flight-Airdata.csv","data/Dangermond 2026/Dangermond_RadarLocation_school_2026_01_05_v2.txt","School 2026",9090,-1,"2026-01-07T18:29:32Z","2026-01-07T18:33:40Z","682:3162",TRUE,TRUE,
"DynoSoaring","DynoSoaring_30","flight30","radar_0107_1037","drone_0107_1037","data/Dangermond 2026/9090RADAR_cleanedAndMatched_dynosoar/0107_1037_DynamicSoaring_Final.csv","data/Dangermond 2026/Air3/Dynamic Soaring/Jan-7th-2026-10-37AM-Flight-Airdata.csv","data/Dangermond 2026/Dangermond_RadarLocation_school_2026_01_05_v2.txt","School 2026",9090,-1,"2026-01-07T18:38:36Z","2026-01-07T18:41:34Z","760:2538",TRUE,TRUE,
"DynoSoaring","DynoSoaring_31","flight31","radar_0107_1045","drone_0107_1045","data/Dangermond 2026/9090RADAR_cleanedAndMatched_dynosoar/0107_1045_DynamicSoaring_Final.csv","data/Dangermond 2026/Air3/Dynamic Soaring/Jan-7th-2026-10-45AM-Flight-Airdata.csv","data/Dangermond 2026/Dangermond_RadarLocation_school_2026_01_05_v2.txt","School 2026",9090,-1,"2026-01-07T18:46:37Z","2026-01-07T18:49:37Z","842:2642",TRUE,TRUE,
"DynoSoaring","DynoSoaring_32","flight32","radar_0107_1052","drone_0107_1052","data/Dangermond 2026/9090RADAR_cleanedAndMatched_dynosoar/0107_1052_DynamicSoaring_Final.csv","data/Dangermond 2026/Air3/Dynamic Soaring/Jan-7th-2026-10-52AM-Flight-Airdata.csv","data/Dangermond 2026/Dangermond_RadarLocation_school_2026_01_05_v2.txt","School 2026",9090,-1,"2026-01-07T18:54:14Z","2026-01-07T18:57:15Z","918:2726",TRUE,TRUE,
"DynoSoaring","DynoSoaring_33","flight33","radar_0108_0721","drone_0108_0721","data/Dangermond 2026/9090RADAR_cleanedAndMatched_dynosoar/0108_0721_DynamicSoaring_Final.csv","data/Dangermond 2026/Air3/Dynamic Soaring/Jan-8th-2026-07-21AM-Flight-Airdata.csv","data/Dangermond 2026/Dangermond_RadarLocation_school_2026_01_05_v2.txt","School 2026",9090,-1,"2026-01-08T15:22:28Z","2026-01-08T15:25:27Z","751:2539",TRUE,TRUE,
"DynoSoaring","DynoSoaring_34","flight34","radar_0108_0728","drone_0108_0728","data/Dangermond 2026/9090RADAR_cleanedAndMatched_dynosoar/0108_0728_DynamicSoaring_Final.csv","data/Dangermond 2026/Air3/Dynamic Soaring/Jan-8th-2026-07-28AM-Flight-Airdata.csv","data/Dangermond 2026/Dangermond_RadarLocation_school_2026_01_05_v2.txt","School 2026",9090,-1,"2026-01-08T15:29:26Z","2026-01-08T15:32:26Z","831:2624",TRUE,TRUE,
"DynoSoaring","DynoSoaring_35","flight35","radar_0108_0820","drone_0108_0820","data/Dangermond 2026/9090RADAR_cleanedAndMatched_dynosoar/0108_0820_DynamicSoaring_Final.csv","data/Dangermond 2026/Air3/Dynamic Soaring/Jan-8th-2026-08-20AM-Flight-Airdata.csv","data/Dangermond 2026/Dangermond_RadarLocation_school_2026_01_05_v2.txt","School 2026",9090,-1,"2026-01-08T16:21:34Z","2026-01-08T16:24:35Z","919:2728",TRUE,TRUE,
"DynoSoaring","DynoSoaring_36","flight36","radar_0108_0827","drone_0108_0827","data/Dangermond 2026/9090RADAR_cleanedAndMatched_dynosoar/0108_0827_DynamicSoaring_Final.csv","data/Dangermond 2026/Air3/Dynamic Soaring/Jan-8th-2026-08-27AM-Flight-Airdata.csv","data/Dangermond 2026/Dangermond_RadarLocation_school_2026_01_05_v2.txt","School 2026",9090,-1,"2026-01-08T16:29:17Z","2026-01-08T16:32:15Z","1065:2838",TRUE,TRUE,
"DynoSoaring","DynoSoaring_37","flight37","radar_0109_1027","drone_0109_1027","data/Dangermond 2026/9090RADAR_cleanedAndMatched_dynosoar/0109_1027_DynamicSoaring_Final.csv","data/Dangermond 2026/Air3/Dynamic Soaring/Jan-9th-2026-10-27AM-Flight-Airdata.csv","data/Dangermond 2026/Dangermond_RadarLocation_school_2026_01_05_v2.txt","School 2026",9090,-1,"2026-01-09T18:28:53Z","2026-01-09T18:31:54Z","836:2645",TRUE,TRUE,
"DynoSoaring","DynoSoaring_38","flight38","radar_0109_1035","drone_0109_1035","data/Dangermond 2026/9090RADAR_cleanedAndMatched_dynosoar/0109_1035_DynamicSoaring_Final.csv","data/Dangermond 2026/Air3/Dynamic Soaring/Jan-9th-2026-10-35AM-Flight-Airdata.csv","data/Dangermond 2026/Dangermond_RadarLocation_school_2026_01_05_v2.txt","School 2026",9090,-1,"2026-01-09T18:36:49Z","2026-01-09T18:39:48Z","928:2718",TRUE,TRUE,
"DynoSoaring","DynoSoaring_39","flight39","radar_0109_1043","drone_0109_1043","data/Dangermond 2026/9090RADAR_cleanedAndMatched_dynosoar/0109_1043_DynamicSoaring_Final.csv","data/Dangermond 2026/Air3/Dynamic Soaring/Jan-9th-2026-10-43AM-Flight-Airdata.csv","data/Dangermond 2026/Dangermond_RadarLocation_school_2026_01_05_v2.txt","School 2026",9090,-1,"2026-01-09T18:44:48Z","2026-01-09T18:47:45Z","1021:2791",TRUE,TRUE,
"DynoSoaring","DynoSoaring_40","flight40","radar_0109_1054","drone_0109_1054","data/Dangermond 2026/9090RADAR_cleanedAndMatched_dynosoar/0109_1054_DynamicSoaring_Final.csv","data/Dangermond 2026/Air3/Dynamic Soaring/Jan-9th-2026-10-54AM-Flight-Airdata.csv","data/Dangermond 2026/Dangermond_RadarLocation_school_2026_01_05_v2.txt","School 2026",9090,-1,"2026-01-09T18:55:34Z","2026-01-09T18:59:06Z","750:2868",TRUE,TRUE,
"DynoSoaring","DynoSoaring_41","flight41","radar_0109_1104","drone_0109_1104","data/Dangermond 2026/9090RADAR_cleanedAndMatched_dynosoar/0109_1104_DynamicSoaring_Final.csv","data/Dangermond 2026/Air3/Dynamic Soaring/Jan-9th-2026-11-04AM-Flight-Airdata.csv","data/Dangermond 2026/Dangermond_RadarLocation_school_2026_01_05_v2.txt","School 2026",9090,-1,"2026-01-09T19:06:17Z","2026-01-09T19:09:50Z","820:2950",TRUE,TRUE,
"DynoSoaring","DynoSoaring_42","flight42","radar_0109_1114","drone_0109_1114","data/Dangermond 2026/9090RADAR_cleanedAndMatched_dynosoar/0109_1114_DynamicSoaring_Final.csv","data/Dangermond 2026/Air3/Dynamic Soaring/Jan-9th-2026-11-14AM-Flight-Airdata.csv","data/Dangermond 2026/Dangermond_RadarLocation_school_2026_01_05_v2.txt","School 2026",9090,-1,"2026-01-09T19:16:09Z","2026-01-09T19:19:42Z","938:3065",TRUE,TRUE,
"DynoSoaring","DynoSoaring_43","flight43","radar_0109_1124","drone_0109_1124","data/Dangermond 2026/9090RADAR_cleanedAndMatched_dynosoar/0109_1124_DynamicSoaring_Final.csv","data/Dangermond 2026/Air3/Dynamic Soaring/Jan-9th-2026-11-24AM-Flight-Airdata.csv","data/Dangermond 2026/Dangermond_RadarLocation_school_2026_01_05_v2.txt","School 2026",9090,-1,"2026-01-09T19:26:39Z","2026-01-09T19:30:08Z","1039:3127",TRUE,TRUE,
"DynoSoaring","DynoSoaring_44","flight44","radar_0109_1135","drone_0109_1135","data/Dangermond 2026/9090RADAR_cleanedAndMatched_dynosoar/0109_1135_DynamicSoaring_Final.csv","data/Dangermond 2026/Air3/Dynamic Soaring/Jan-9th-2026-11-35AM-Flight-Airdata.csv","data/Dangermond 2026/Dangermond_RadarLocation_school_2026_01_05_v2.txt","School 2026",9090,-1,"2026-01-09T19:37:07Z","2026-01-09T19:42:05Z","720:3700",TRUE,TRUE,
"DynoSoaring","DynoSoaring_45","flight45","radar_0109_1145","drone_0109_1145","data/Dangermond 2026/9090RADAR_cleanedAndMatched_dynosoar/0109_1145_DynamicSoaring_Final.csv","data/Dangermond 2026/Air3/Dynamic Soaring/Jan-9th-2026-11-45AM-Flight-Airdata.csv","data/Dangermond 2026/Dangermond_RadarLocation_school_2026_01_05_v2.txt","School 2026",9090,-1,"2026-01-09T19:46:32Z","2026-01-09T19:51:30Z","754:3733",TRUE,TRUE,
"DynoSoaring","DynoSoaring_46","flight46","radar_0109_1156","drone_0109_1156","data/Dangermond 2026/9090RADAR_cleanedAndMatched_dynosoar/0109_1156_DynamicSoaring_Final.csv","data/Dangermond 2026/Air3/Dynamic Soaring/Jan-9th-2026-11-56AM-Flight-Airdata.csv","data/Dangermond 2026/Dangermond_RadarLocation_school_2026_01_05_v2.txt","School 2026",9090,-1,"2026-01-09T19:57:28Z","2026-01-09T20:02:26Z","861:3839",TRUE,TRUE,
"DynoSoaring","DynoSoaring_47","flight47","radar_0109_1205","drone_0109_1205","data/Dangermond 2026/9090RADAR_cleanedAndMatched_dynosoar/0109_1205_DynamicSoaring_Final.csv","data/Dangermond 2026/Air3/Dynamic Soaring/Jan-9th-2026-12-05PM-Flight-Airdata.csv","data/Dangermond 2026/Dangermond_RadarLocation_school_2026_01_05_v2.txt","School 2026",9090,-1,"2026-01-09T20:06:46Z","2026-01-09T20:11:43Z","739:3710",TRUE,TRUE,
"DynoSoaring","DynoSoaring_48","flight48","radar_0109_0339","drone_0109_0339","data/Dangermond 2026/9090RADAR_cleanedAndMatched_dynosoar/0109_0339_DynamicSoaring_Final.csv","data/Dangermond 2026/Air3/Dynamic Soaring/Jan-9th-2026-03-39PM-Flight-Airdata.csv","data/Dangermond 2026/Dangermond_RadarLocation_school_2026_01_05_v2.txt","School 2026",9090,-1,"2026-01-09T23:40:42Z","2026-01-09T23:46:39Z","800:4363",TRUE,TRUE,
"DynoSoaring","DynoSoaring_49","flight49","radar_0109_0349","drone_0109_0349","data/Dangermond 2026/9090RADAR_cleanedAndMatched_dynosoar/0109_0349_DynamicSoaring_Final.csv","data/Dangermond 2026/Air3/Dynamic Soaring/Jan-9th-2026-03-49PM-Flight-Airdata.csv","data/Dangermond 2026/Dangermond_RadarLocation_school_2026_01_05_v2.txt","School 2026",9090,-1,"2026-01-09T23:50:47Z","2026-01-09T23:56:25Z","897:4264",TRUE,TRUE,
"DynoSoaring","DynoSoaring_50","flight50","radar_0109_0359","drone_0109_0359","data/Dangermond 2026/9090RADAR_cleanedAndMatched_dynosoar/0109_0359_DynamicSoaring_Final.csv","data/Dangermond 2026/Air3/Dynamic Soaring/Jan-9th-2026-03-59PM-Flight-Airdata.csv","data/Dangermond 2026/Dangermond_RadarLocation_school_2026_01_05_v2.txt","School 2026",9090,-1,"2026-01-10T00:00:36Z","2026-01-10T00:06:16Z","831:4229",TRUE,TRUE,
"DynoSoaring","DynoSoaring_51","flight51","radar_0109_0409","drone_0109_0409","data/Dangermond 2026/9090RADAR_cleanedAndMatched_dynosoar/0109_0409_DynamicSoaring_Final.csv","data/Dangermond 2026/Air3/Dynamic Soaring/Jan-9th-2026-04-09PM-Flight-Airdata.csv","data/Dangermond 2026/Dangermond_RadarLocation_school_2026_01_05_v2.txt","School 2026",9090,-1,"2026-01-10T00:10:31Z","2026-01-10T00:15:57Z","869:4126",TRUE,TRUE,
"DynoSoaring","DynoSoaring_52","flight52","radar_0109_0418","drone_0109_0418","data/Dangermond 2026/9090RADAR_cleanedAndMatched_dynosoar/0109_0418_DynamicSoaring_Final.csv","data/Dangermond 2026/Air3/Dynamic Soaring/Jan-9th-2026-04-18PM-Flight-Airdata.csv","data/Dangermond 2026/Dangermond_RadarLocation_school_2026_01_05_v2.txt","School 2026",9090,-1,"2026-01-10T00:20:23Z","2026-01-10T00:26:19Z","895:4451",TRUE,TRUE,
"DynoSoaring","DynoSoaring_53","flight53","radar_0109_0428","drone_0109_0428","data/Dangermond 2026/9090RADAR_cleanedAndMatched_dynosoar/0109_0428_DynamicSoaring_Final.csv","data/Dangermond 2026/Air3/Dynamic Soaring/Jan-9th-2026-04-28PM-Flight-Airdata.csv","data/Dangermond 2026/Dangermond_RadarLocation_school_2026_01_05_v2.txt","School 2026",9090,-1,"2026-01-10T00:30:06Z","2026-01-10T00:35:42Z","812:4172",TRUE,TRUE,
"DynoSoaring","DynoSoaring_54","flight54","radar_0109_0438","drone_0109_0438","data/Dangermond 2026/9090RADAR_cleanedAndMatched_dynosoar/0109_0438_DynamicSoaring_Final.csv","data/Dangermond 2026/Air3/Dynamic Soaring/Jan-9th-2026-04-38PM-Flight-Airdata.csv","data/Dangermond 2026/Dangermond_RadarLocation_school_2026_01_05_v2.txt","School 2026",9090,-1,"2026-01-10T00:39:58Z","2026-01-10T00:45:41Z","791:4221",TRUE,TRUE,
"DynoSoaring","DynoSoaring_55","flight55","radar_0109_0448","drone_0109_0448","data/Dangermond 2026/9090RADAR_cleanedAndMatched_dynosoar/0109_0448_DynamicSoaring_Final.csv","data/Dangermond 2026/Air3/Dynamic Soaring/Jan-9th-2026-04-48PM-Flight-Airdata.csv","data/Dangermond 2026/Dangermond_RadarLocation_school_2026_01_05_v2.txt","School 2026",9090,-1,"2026-01-10T00:49:45Z","2026-01-10T00:55:31Z","760:4215",TRUE,TRUE,
"Transiting","Transiting_01","flight1","radar_0106_0953","drone_0106_0953","data/Dangermond 2026/9090RADAR_cleanedAndMatched_transiting/0106_0953_Transiting_Final.csv","data/Dangermond 2026/Air3/Transiting/Jan-6th-2026-09-53AM-Flight-Airdata.csv","data/Dangermond 2026/Dangermond_RadarLocation_school_2026_01_05_v2.txt","School 2026",9090,-1,"2026-01-06T17:53:37Z","2026-01-06T18:00:29Z","161:4281",TRUE,TRUE,
"Transiting","Transiting_02","flight2","radar_0106_1001","drone_0106_1001","data/Dangermond 2026/9090RADAR_cleanedAndMatched_transiting/0106_1001_Transiting_Final.csv","data/Dangermond 2026/Air3/Transiting/Jan-6th-2026-10-01AM-Flight-Airdata.csv","data/Dangermond 2026/Dangermond_RadarLocation_school_2026_01_05_v2.txt","School 2026",9090,-1,"2026-01-06T18:01:52Z","2026-01-06T18:08:11Z","190:3981",TRUE,TRUE,
"Transiting","Transiting_03","flight3","radar_0106_1010","drone_0106_1010","data/Dangermond 2026/9090RADAR_cleanedAndMatched_transiting/0106_1010_Transiting_Final.csv","data/Dangermond 2026/Air3/Transiting/Jan-6th-2026-10-10AM-Flight-Airdata.csv","data/Dangermond 2026/Dangermond_RadarLocation_school_2026_01_05_v2.txt","School 2026",9090,-1,"2026-01-06T18:11:07Z","2026-01-06T18:17:09Z","210:3828",TRUE,TRUE,
"Transiting","Transiting_04","flight4","radar_0106_1018","drone_0106_1018","data/Dangermond 2026/9090RADAR_cleanedAndMatched_transiting/0106_1018_Transiting_Final.csv","data/Dangermond 2026/Air3/Transiting/Jan-6th-2026-10-18AM-Flight-Airdata.csv","data/Dangermond 2026/Dangermond_RadarLocation_school_2026_01_05_v2.txt","School 2026",9090,-1,"2026-01-06T18:18:32Z","2026-01-06T18:23:47Z","203:3357",TRUE,TRUE,
"Transiting","Transiting_05","flight5","radar_0106_1025","drone_0106_1025","data/Dangermond 2026/9090RADAR_cleanedAndMatched_transiting/0106_1025_Transiting_Final.csv","data/Dangermond 2026/Air3/Transiting/Jan-6th-2026-10-25AM-Flight-Airdata.csv","data/Dangermond 2026/Dangermond_RadarLocation_school_2026_01_05_v2.txt","School 2026",9090,-1,"2026-01-06T18:25:41Z","2026-01-06T18:29:51Z","216:2710",TRUE,TRUE,
"Transiting","Transiting_06","flight6","radar_0106_1032","drone_0106_1032","data/Dangermond 2026/9090RADAR_cleanedAndMatched_transiting/0106_1032_Transiting_Final.csv","data/Dangermond 2026/Air3/Transiting/Jan-6th-2026-10-32AM-Flight-Airdata.csv","data/Dangermond 2026/Dangermond_RadarLocation_school_2026_01_05_v2.txt","School 2026",9090,-1,"2026-01-06T18:32:27Z","2026-01-06T18:38:20Z","250:3781",TRUE,TRUE,
"Transiting","Transiting_07","flight7","radar_0106_1039","drone_0106_1039","data/Dangermond 2026/9090RADAR_cleanedAndMatched_transiting/0106_1039_Transiting_Final.csv","data/Dangermond 2026/Air3/Transiting/Jan-6th-2026-10-39AM-Flight-Airdata.csv","data/Dangermond 2026/Dangermond_RadarLocation_school_2026_01_05_v2.txt","School 2026",9090,-1,"2026-01-06T18:39:54Z","2026-01-06T18:44:55Z","247:3253",TRUE,TRUE,
"Transiting","Transiting_08","flight8","radar_0106_1046","drone_0106_1046","data/Dangermond 2026/9090RADAR_cleanedAndMatched_transiting/0106_1046_Transiting_Final.csv","data/Dangermond 2026/Air3/Transiting/Jan-6th-2026-10-46AM-Flight-Airdata.csv","data/Dangermond 2026/Dangermond_RadarLocation_school_2026_01_05_v2.txt","School 2026",9090,-1,"2026-01-06T18:47:12Z","2026-01-06T18:51:26Z","266:2795",TRUE,TRUE,
"Transiting","Transiting_09","flight9","radar_0106_1052","drone_0106_1052","data/Dangermond 2026/9090RADAR_cleanedAndMatched_transiting/0106_1052_Transiting_Final.csv","data/Dangermond 2026/Air3/Transiting/Jan-6th-2026-10-52AM-Flight-Airdata.csv","data/Dangermond 2026/Dangermond_RadarLocation_school_2026_01_05_v2.txt","School 2026",9090,-1,"2026-01-06T18:53:21Z","2026-01-06T18:57:26Z","258:2708",TRUE,TRUE,
"Transiting","Transiting_10","flight10","radar_0106_1112","drone_0106_1112","data/Dangermond 2026/9090RADAR_cleanedAndMatched_transiting/0106_1112_Transiting_Final.csv","data/Dangermond 2026/Air3/Transiting/Jan-6th-2026-11-12AM-Flight-Airdata.csv","data/Dangermond 2026/Dangermond_RadarLocation_school_2026_01_05_v2.txt","School 2026",9090,-1,"2026-01-06T19:12:43Z","2026-01-06T19:20:29Z","169:4834",TRUE,TRUE,
"Transiting","Transiting_11","flight11","radar_0106_1123","drone_0106_1123","data/Dangermond 2026/9090RADAR_cleanedAndMatched_transiting/0106_1123_Transiting_Final.csv","data/Dangermond 2026/Air3/Transiting/Jan-6th-2026-11-23AM-Flight-Airdata.csv","data/Dangermond 2026/Dangermond_RadarLocation_school_2026_01_05_v2.txt","School 2026",9090,-1,"2026-01-06T19:23:19Z","2026-01-06T19:29:59Z","168:4174",TRUE,TRUE,
"Transiting","Transiting_12","flight12","radar_0106_1139","drone_0106_1139","data/Dangermond 2026/9090RADAR_cleanedAndMatched_transiting/0106_1139_Transiting_Final.csv","data/Dangermond 2026/Air3/Transiting/Jan-6th-2026-11-39AM-Flight-Airdata.csv","data/Dangermond 2026/Dangermond_RadarLocation_school_2026_01_05_v2.txt","School 2026",9090,-1,"2026-01-06T19:40:04Z","2026-01-06T19:43:57Z","211:2544",TRUE,TRUE,
"Transiting","Transiting_13","flight13","radar_0109_0222","drone_0109_0222","data/Dangermond 2026/9090RADAR_cleanedAndMatched_transiting/0109_0222_Transiting_Final.csv","data/Dangermond 2026/Air3/Transiting/Jan-9th-2026-02-22PM-Flight-Airdata.csv","data/Dangermond 2026/Dangermond_RadarLocation_school_2026_01_05_v2.txt","School 2026",9090,-1,"2026-01-09T22:23:08Z","2026-01-09T22:31:30Z","171:5190",TRUE,TRUE,
"Transiting","Transiting_14","flight14","radar_0109_0233","drone_0109_0233","data/Dangermond 2026/9090RADAR_cleanedAndMatched_transiting/0109_0233_Transiting_Final.csv","data/Dangermond 2026/Air3/Transiting/Jan-9th-2026-02-33PM-Flight-Airdata.csv","data/Dangermond 2026/Dangermond_RadarLocation_school_2026_01_05_v2.txt","School 2026",9090,-1,"2026-01-09T22:33:22Z","2026-01-09T22:39:49Z","173:4036",TRUE,TRUE,
"Transiting","Transiting_15","flight15","radar_0109_0241","drone_0109_0241","data/Dangermond 2026/9090RADAR_cleanedAndMatched_transiting/0109_0241_Transiting_Final.csv","data/Dangermond 2026/Air3/Transiting/Jan-9th-2026-02-41PM-Flight-Airdata.csv","data/Dangermond 2026/Dangermond_RadarLocation_school_2026_01_05_v2.txt","School 2026",9090,-1,"2026-01-09T22:41:48Z","2026-01-09T22:46:18Z","167:2864",TRUE,TRUE,
"Transiting","Transiting_16","flight16","radar_0109_0249","drone_0109_0249","data/Dangermond 2026/9090RADAR_cleanedAndMatched_transiting/0109_0249_Transiting_Final.csv","data/Dangermond 2026/Air3/Transiting/Jan-9th-2026-02-49PM-Flight-Airdata.csv","data/Dangermond 2026/Dangermond_RadarLocation_school_2026_01_05_v2.txt","School 2026",9090,-1,"2026-01-09T22:49:43Z","2026-01-09T23:08:42Z","165:11544",TRUE,TRUE,
"Transiting","Transiting_17","flight17","radar_0109_0311","drone_0109_0311","data/Dangermond 2026/9090RADAR_cleanedAndMatched_transiting/0109_0311_Transiting_Final.csv","data/Dangermond 2026/Air3/Transiting/Jan-9th-2026-03-11PM-Flight-Airdata.csv","data/Dangermond 2026/Dangermond_RadarLocation_school_2026_01_05_v2.txt","School 2026",9090,-1,"2026-01-09T23:12:02Z","2026-01-09T23:33:26Z","212:13059",TRUE,TRUE,
"Chasing","Chasing_01","flight1","radar_0109_1219","drone_0109_1219","data/Dangermond 2026/9090RADAR_cleanedAndMatched_chasing/0109_1219_Chasing_Final.csv","data/Dangermond 2026/Air2/Chasing/Jan-9th-2026-12-19PM-Flight-Airdata.csv","data/Dangermond 2026/Dangermond_RadarLocation_school_2026_01_05_v2.txt","School 2026",9090,-1,"2026-01-09T20:19:39Z","2026-01-09T20:28:48Z","353:5832",TRUE,TRUE,
"Chasing","Chasing_02","flight2","radar_0109_1230","drone_0109_1230","data/Dangermond 2026/9090RADAR_cleanedAndMatched_chasing/0109_1230_Chasing_Final.csv","data/Dangermond 2026/Air3/Chasing/Jan-9th-2026-12-30PM-Flight-Airdata.csv","data/Dangermond 2026/Dangermond_RadarLocation_school_2026_01_05_v2.txt","School 2026",9090,-1,"2026-01-09T20:30:20Z","2026-01-09T20:39:57Z","155:5922",TRUE,TRUE,
"Cube","Cube_01","flight1","radar_0827_1143","drone_0827_1143","data/Dangermond 2024/7360RADAR_cleanedAndMatched_cube_noRotation/1143_Cube_Final.csv","data/Dangermond 2024/drones/Dana DJI Mavic Enterprise 3/cube/Aug-27th-2024-11-43AM-Flight-Airdata.csv","data/Dangermond 2024/Dangermond_RadarLocation_govtpt_2024_08_27.txt","Government Point 2024",7360,-6,"2024-08-27T18:44:35Z","2024-08-27T18:54:28Z","213:3107",TRUE,TRUE,
"Cube","Cube_02","flight2","radar_0827_1200","drone_0827_1200","data/Dangermond 2024/7360RADAR_cleanedAndMatched_cube_noRotation/1200_Cube_Final.csv","data/Dangermond 2024/drones/Dana DJI Mavic Enterprise 3/cube/Aug-27th-2024-12-00PM-Flight-Airdata.csv","data/Dangermond 2024/Dangermond_RadarLocation_govtpt_2024_08_27.txt","Government Point 2024",7360,-6.5,"2024-08-27T19:00:27Z","2024-08-27T19:12:29Z","268:3243",TRUE,TRUE,
"Cube","Cube_03","flight3","radar_0827_0124","drone_0827_0124","data/Dangermond 2024/7360RADAR_cleanedAndMatched_cube_noRotation/0124_Cube_Final.csv","data/Dangermond 2024/drones/Dana DJI Mavic Enterprise 3/cube/Aug-27th-2024-01-24PM-Flight-Airdata.csv","data/Dangermond 2024/Dangermond_RadarLocation_govtpt_2024_08_27.txt","Government Point 2024",7360,-4,"2024-08-27T20:23:30Z","2024-08-27T20:33:30Z","318:2563",TRUE,TRUE,
"Cube","Cube_04","flight4","radar_0827_0148","drone_0827_0148","data/Dangermond 2024/7360RADAR_cleanedAndMatched_cube_noRotation/0148_Cube_Final.csv","data/Dangermond 2024/drones/Dana DJI Mavic Enterprise 3/cube/Aug-27th-2024-01-48PM-Flight-Airdata.csv","data/Dangermond 2024/Dangermond_RadarLocation_govtpt_2024_08_27.txt","Government Point 2024",7360,-4.5,"2024-08-27T20:48:07Z","2024-08-27T20:57:18Z","229:2450",TRUE,TRUE,
"Cube","Cube_05","flight5","radar_0827_0210","drone_0827_0210","data/Dangermond 2024/7360RADAR_cleanedAndMatched_cube_noRotation/0210_Cube_Final.csv","data/Dangermond 2024/drones/Dana DJI Mavic Enterprise 3/cube/Aug-27th-2024-02-10PM-Flight-Airdata.csv","data/Dangermond 2024/Dangermond_RadarLocation_govtpt_2024_08_27.txt","Government Point 2024",7360,-8,"2024-08-27T21:10:53Z","2024-08-27T21:20:25Z","171:2649",TRUE,TRUE,
"Cube","Cube_06","flight6","radar_0827_0308","drone_0827_0308","data/Dangermond 2024/7360RADAR_cleanedAndMatched_cube_noRotation/0308_Cube_Finals.csv","data/Dangermond 2024/drones/Dana DJI Mavic Enterprise 3/cube/Aug-27th-2024-03-08PM-Flight-Airdata.csv","data/Dangermond 2024/Dangermond_RadarLocation_govtpt_2024_08_27.txt","Government Point 2024",7360,-5.5,"2024-08-27T22:08:22Z","2024-08-27T22:18:30Z","211:2731",TRUE,TRUE,
